{"cameraMode":{"drawMode":0,"name":"Shaded","section":"Shading Mode"},"sceneLighting":true,"audioPlay":false,"sceneViewState":{"m_AlwaysRefresh":false,"showFog":true,"showSkybox":true,"showFlares":true,"showImageEffects":true,"showParticleSystems":true,"showVisualEffectGraphs":true,"m_FxEnabled":true},"in2DMode":false,"pivot":{"x":50.332401275634769,"y":4.400791645050049,"z":31.41289710998535},"rotation":{"x":-0.006930364295840263,"y":-0.4609581232070923,"z":0.00360149797052145,"w":-0.887390673160553},"size":0.22839006781578065,"orthographic":false}